；,只能存在一个状态的属性 以##为一类开始 以空行为一类结束  增加属性则需在这一行右侧增加属性类名,,
##,性别,,
id,名称,注释,
0,男性,"作为一名男性,你拥有阴茎。",
1,女性,"作为一名女性,你拥有阴道。",
2,双性,"作为一名双性,你既拥有阴茎又拥有阴道。",
3,扶她,"作为一名扶她,你既拥有阴茎又拥有阴道，你的外表偏向女性。",
##,种族,,
id,名称,注释,FLAG
0,人类,你是普通的人类。,1
1,精灵,你是一位精灵。,0
2,血族,,0
3,羽族,,0
4,人鱼,,0
5,恶魔,,0
6,兽人,,0
##,出身,,
id,名称,注释,FLAG
0,流浪孤儿,,1
1,普通家庭,,1
2,富家子弟,,1
3,天潢贵胃,（身份解锁）,0
4,不死贵族,（种族解锁）,0
5,深海眷属,（种族解锁）,0
6,天空之子,（种族解锁）,0
7,暗渊潜者,（种族解锁）,0
8,森林妖精,（种族解锁）,0
##,身份,,
id,名称,注释,FLAG
0,孤儿,,1
1,流浪者,,1
2,平民,,1
3,娼妓,成就解锁,0
4,学者,成就解锁,0
5,神官,成就解锁,0
6,法师,成就解锁,0
7,亡灵术士,成就解锁,0
8,冒险者,成就解锁,0
9,奴隶商人,成就解锁,0
10,皇太子,成就解锁,0
##,年龄段,,
id,名称,注释,备注
0,幼年,你正值幼年阶段，天真无邪，刚对这个世界产生了一点想法。,0~6岁
1,儿童,你正值儿童阶段。,7~12岁
2,少年,你正值少年阶段。,13~17岁
3,青年,你正值青年阶段。,18~25岁
4,成年,你正值成年阶段。,26~40岁
5,中年 ,你正值中年阶段。,41~60岁
6,老年,你正值老年阶段。,61~100岁以上
##,性向,,
id,名称,注释,
0,男性,爱好男性。,
1,女性,爱好女性。,
2,无性恋,不喜欢人类。,
3,双性恋,博爱。,
；,注释,,
##,信仰,,
id,名称,注释,备注
0,绯血,信奉欲望与诱惑,
1,凛冬,信奉恐惧与衰亡,
2,灼日,信奉启迪与真知,
；,通用注释为：你的头发颜色为+发色。,,
##,发色,,
id,名称,注释,备注
0,黑色,,
1,蓝色,,
2,紫色,,
3,粉红色,,
4,银白色,,
5,碧绿色,,
6,金色,,
7,棕色,,
8,红色,,
；,通用注释为：你的眼睛颜色为+瞳色。,,
##,瞳色,,
id,名称,注释,备注
0,黑色,,
1,蓝色,,
2,紫色,,
3,粉红色,,
4,银白色,,
5,碧绿色,,
6,金色,,
7,棕色,,
8,红色,,
9,褐色,,
10,淡褐色,,
11,灰色,,
12,琥珀色,,
；,通用注释为：你的皮肤呈现为+肤色。,,
##,肤色,,
id,名称,注释,备注
0,苍白色,,
1,粉红白色,,
2,黄白色,,
3,浅黄色,,
4,黄色,,
5,浅褐色,,
6,纯褐色,,
7,红褐色,,
8,红暗褐色,,
9,纯暗褐色,,
10,黑褐色,,
11,黑色,,
；,通用注释为：你的身材+身材。,,
##,身材,,
id,名称,注释,备注
0,娇小,,
1,普通,,
2,高大,,
