；,可同时存在多个的属性 以##为分割  属性类名需为 特质_+名称  flag为0 表示未锁定,,
##,特质_性怪癖,,
id,名称,注释,FLAG
0,恋尸癖,对尸体产生性冲动,0
1,恋童癖,对幼童产生性冲动,0
2,恋足癖,对足部产生性冲动,0
3,恋手癖,对手部产生性冲动,0
4,恋腿癖,对腿部产生性冲动,0
5,恋臀癖,对臀部产生性冲动,0
6,绿帽癖,,0
7,白骨癖,,0
8,暴露狂,,0
9,哭泣癖,,0
10,机械癖,,0
11,山谷幽闭癖,,0
12,咬人癖,,0
13,受虐癖,,0
14,施虐癖,,0
15,自恋癖,,0
16,异装癖,,0
17,手淫癖,,0
18,放置爱好者,,0
19,强奸癖,,0
##,特质_性能力,,
id,名称,注释,FLAG
0,阳痿,,0
1,早泄,,0
2,性交疼痛,,0
3,性交厌恶,,0
4,异性厌恶症,,0
5,同性厌恶症,,0
6,性倒错,,0
7,生殖器崇拜,,0
8,生产崇拜,,0
##,特质_症状,,
id,名称,注释,FLAG
0,幽闭恐惧症,,0
1,野兽恐惧症,,0
2,血液恐惧症,,0
3,深海恐惧症,,0
4,渴血症,,0
5,尸体恐惧症,,0
6,白骨恐惧症,,0
7,焦躁症,,0
8,强迫症,,0
9,宗教狂热,,0
10,无神论者,,0
11,痴迷黑暗,,0
12,盗窃成瘾,,0
13,惧光,,0
14,人像恐惧症,,0
15,恶魔恐惧症,,0
16,死亡恐惧症,,0
17,致幻成瘾,,0
